{
  "controller/Main-dbg.controller.js": 1691516879280,
  "model/models.js": 1691516879280,
  "controller/Main.controller.js": 1691516879280,
  "controller/App.controller.js": 1691516879280,
  "manifest.json": 1691911312965,
  "Component.js": 1691516879280,
  "model/models-dbg.js": 1691516879280,
  "model/models.js.map": 1691911313193,
  "i18n/i18n.properties": 1691516879280,
  "controller/Main.controller.js.map": 1691911313170,
  "controller/App-dbg.controller.js": 1691516879280,
  "controller/App.controller.js.map": 1691911313150,
  "Component-dbg.js": 1691516879280,
  "Component.js.map": 1691911313170,
  "Component-preload.js": 1691911313387,
  "Component-preload.js.map": 1691911313387,
  "view/Main.view.xml": 1691516879280,
  "view/App.view.xml": 1691516879280,
  "css/style.css": 1691516879280,
  "index.html": 1691516879280
}